cell,frac_open,mapping_rate,mt_content,uniq_nuc_frags,dup_level,frip,sequencing_depth,library_size
plate1_pbmc_plate1_001,15.2172,94.88,3.905475,25171.0,0.448489,59.9966,54202,35527.0
plate1_pbmc_plate1_002,14.8749,94.72,17.466855,22846.0,0.448608,67.848,59403,37536.0
plate1_pbmc_plate1_003,10.0222,94.7,17.671060999999998,13115.0,0.337079,71.6541,28245,27082.0
plate1_pbmc_plate1_004,11.5847,94.6,14.46089,15835.0,0.45161,71.2025,39645,24978.0
plate1_pbmc_plate1_005,15.9831,94.95,4.046769,27410.0,0.45767299999999994,57.7137,59789,38169.0
plate1_pbmc_plate1_006,11.950999999999999,94.48,12.669067,17950.0,0.46358,66.94800000000001,45070,27209.0
plate1_pbmc_plate1_007,18.1623,95.02,6.55836,32727.0,0.446655,56.4856,72060,47644.0
plate1_pbmc_plate1_008,7.3395,94.85,20.865183,9421.0,0.425712,71.1634,24548,16791.0
plate1_pbmc_plate1_009,19.7714,95.0,6.8002080000000005,37594.0,0.462188,54.8281,85387,53516.0
plate1_pbmc_plate1_010,12.7489,95.04,11.918687,18675.0,0.468555,69.9179,46333,27851.0
plate1_pbmc_plate1_011,14.1289,94.78,11.523511,21168.0,0.44524300000000006,67.2769,49962,32623.0
plate1_pbmc_plate1_012,13.8852,94.73,15.039882999999998,22048.0,0.455154,65.6718,55589,34816.0
plate1_pbmc_plate1_013,14.0676,94.87,8.386787,20995.0,0.466947,70.1793,50200,30178.0
plate1_pbmc_plate1_014,13.2817,94.68,10.818147999999999,19381.0,0.43261400000000005,68.5303,44656,30277.0
plate1_pbmc_plate1_015,13.046,94.37,5.306296,19987.0,0.46367700000000006,68.2972,45628,27937.0
plate1_pbmc_plate1_016,13.8265,94.56,5.406148,20647.0,0.44196499999999994,70.1356,45039,29926.0
plate1_pbmc_plate1_017,15.6861,94.81,11.117164,24473.0,0.46273000000000003,69.1327,59404,36497.0
plate1_pbmc_plate1_018,13.6401,94.69,7.909763000000001,19676.0,0.48037399999999997,71.0217,47633,27574.0
plate1_pbmc_plate1_019,4.9938,94.29,26.852659000000003,5873.0,0.423742,71.8769,17034,11364.0
plate1_pbmc_plate1_020,11.3996,94.48,17.268231,16893.0,0.47129799999999994,68.1571,45977,26710.0
plate1_pbmc_plate1_021,13.724,94.69,12.930758,21729.0,0.46520900000000004,65.1066,54098,32952.0
plate1_pbmc_plate1_022,12.1056,94.85,14.594033999999999,18124.0,0.440404,65.3833,44776,29172.0
plate1_pbmc_plate1_023,15.0906,94.71,15.998045000000001,24059.0,0.485836,67.3248,65005,36670.0
plate1_pbmc_plate1_024,11.7592,94.65,10.236677,17029.0,0.455013,69.7776,40261,25456.0
plate1_pbmc_plate1_025,11.947000000000001,94.83,14.581586999999999,17322.0,0.473095,68.6104,44766,26456.0
plate1_pbmc_plate1_026,15.3171,94.91,24.777924,24642.0,0.47742799999999996,66.5466,74647,42460.0
plate1_pbmc_plate1_027,16.5599,94.62,10.795571,30375.0,0.45687,57.2391,72853,45558.0
plate1_pbmc_plate1_028,14.6724,94.69,10.274175,21239.0,0.46098100000000003,70.4744,51155,31462.0
plate1_pbmc_plate1_029,11.1705,94.48,16.415375,15744.0,0.455308,69.4999,40511,25264.0
plate1_pbmc_plate1_030,13.387,94.97,7.132453,19765.0,0.473896,70.3049,46390,27732.0
plate1_pbmc_plate1_031,13.8838,94.89,16.971093,20910.0,0.472487,67.5766,55470,32885.0
plate1_pbmc_plate1_032,15.0773,94.62,11.511503999999999,24114.0,0.47372600000000004,67.0306,60256,35516.0
plate1_pbmc_plate1_033,14.3261,94.72,13.851742999999999,22290.0,0.463084,66.0992,55923,34278.0
plate1_pbmc_plate1_034,14.4939,94.81,9.950045,21992.0,0.45728900000000006,70.1601,51850,32653.0
plate1_pbmc_plate1_035,18.4913,95.24,8.223929,33345.0,0.46786700000000003,57.317,77790,47778.0
plate1_pbmc_plate1_036,12.376,94.2,14.497869,18654.0,0.42077700000000007,65.5269,44187,31043.0
plate1_pbmc_plate1_037,12.637,94.65,17.19449,18695.0,0.455372,68.6606,48608,30280.0
plate1_pbmc_plate1_038,12.9514,94.72,6.162451,18958.0,0.474181,70.5192,44537,26313.0
plate1_pbmc_plate1_039,12.2441,94.94,13.115637,17747.0,0.464559,69.5339,44742,26998.0
plate1_pbmc_plate1_040,15.6141,94.38,4.447152,25096.0,0.46787700000000004,65.5365,57186,34538.0
plate1_pbmc_plate1_041,13.5655,94.66,11.659737,20396.0,0.444292,66.0841,48129,31531.0
plate1_pbmc_plate1_042,12.720999999999998,94.57,8.798473,19591.0,0.464488,66.5495,46406,28396.0
plate1_pbmc_plate1_043,11.312999999999999,94.84,19.17434,15976.0,0.457187,70.3101,42983,26432.0
plate1_pbmc_plate1_044,15.0933,94.52,8.418409,22606.0,0.472361,70.7381,54964,32237.0
plate1_pbmc_plate1_045,13.9185,94.91,15.829668,21051.0,0.484309,68.1607,56320,32090.0
plate1_pbmc_plate1_046,11.6194,95.33,9.640587,16065.0,0.428071,70.9967,35849,24969.0
plate1_pbmc_plate1_047,12.5704,94.64,6.5369209999999995,18201.0,0.45895,70.8406,41386,25969.0
plate1_pbmc_plate1_048,12.5984,94.72,13.2508,18429.0,0.45519799999999994,68.1628,45372,28498.0
plate1_pbmc_plate1_049,11.4036,94.65,16.331262,18044.0,0.47012299999999996,63.2083,47591,28261.0
plate1_pbmc_plate1_050,11.7659,94.71,21.179561,16505.0,0.44535699999999995,68.6796,44582,28547.0
plate1_pbmc_plate1_051,12.5092,93.93,18.666954999999998,18792.0,0.385473,65.7931,44753,35206.0
plate1_pbmc_plate1_052,12.8701,94.31,4.5682730000000005,19010.0,0.448169,68.366,42072,27030.0
plate1_pbmc_plate1_053,14.8096,94.8,18.421518,23081.0,0.466109,66.6013,62132,37307.0
plate1_pbmc_plate1_054,14.755,94.95,13.160042,22350.0,0.45983999999999997,66.7152,55754,34270.0
plate1_pbmc_plate1_055,18.129,94.6,5.580106,34400.0,0.455297,54.0252,76621,48866.0
plate1_pbmc_plate1_056,13.1219,94.69,16.991925,19736.0,0.467037,67.3389,52632,31305.0
plate1_pbmc_plate1_057,14.6018,94.84,5.338296,21616.0,0.46517200000000003,69.6825,49192,30154.0
plate1_pbmc_plate1_058,11.5208,94.7,16.700425,16450.0,0.461717,69.7311,43487,26217.0
plate1_pbmc_plate1_059,11.9031,94.42,12.61116,16804.0,0.46196000000000004,70.8643,42452,25519.0
plate1_pbmc_plate1_060,10.9414,94.54,11.589531,16180.0,0.440217,66.5018,37933,25166.0
plate1_pbmc_plate1_061,13.732000000000001,94.8,16.02546,20845.0,0.469174,67.9511,54575,32576.0
plate1_pbmc_plate1_062,13.1166,94.54,9.945775999999999,18933.0,0.47297700000000004,71.7347,47174,27432.0
plate1_pbmc_plate1_063,13.9304,94.83,8.051728,21686.0,0.442659,63.445,48814,32302.0
plate1_pbmc_plate1_064,11.8551,94.7,15.926867000000001,16876.0,0.4663,69.4739,44171,26460.0
plate1_pbmc_plate1_065,14.4539,94.87,11.501380000000001,22122.0,0.471645,68.9963,54725,32683.0
plate1_pbmc_plate1_066,12.8688,94.6,15.14463,19420.0,0.448676,66.2938,48636,31029.0
plate1_pbmc_plate1_067,14.1356,94.54,5.65735,22346.0,0.457216,65.14399999999999,50258,31673.0
plate1_pbmc_plate1_068,14.2222,94.95,13.495078,22320.0,0.48551400000000006,65.5104,57981,33048.0
plate1_pbmc_plate1_069,13.5042,94.69,16.721443,20778.0,0.47617,67.8577,56008,32400.0
plate1_pbmc_plate1_070,11.1998,94.65,12.991525,16529.0,0.460971,66.4315,40911,25250.0
plate1_pbmc_plate1_071,12.9647,94.82,17.631183,18617.0,0.470257,69.1134,49967,29613.0
plate1_pbmc_plate1_072,18.5433,94.93,5.827312,34018.0,0.481468,56.5443,79263,46541.0
plate1_pbmc_plate1_073,12.4106,94.44,16.253849,18224.0,0.46278400000000003,67.9518,48079,28842.0
plate1_pbmc_plate1_074,19.0228,95.06,6.503245,36158.0,0.46595299999999995,54.7307,82410,51005.0
plate1_pbmc_plate1_075,11.6833,94.64,14.003060000000001,16864.0,0.416716,68.1311,39028,28112.0
plate1_pbmc_plate1_076,13.4376,94.7,16.321085999999998,20703.0,0.47287799999999997,67.089,55120,32287.0
plate1_pbmc_plate1_077,14.338,95.05,11.438145,23259.0,0.46621,64.1473,56843,34625.0
plate1_pbmc_plate1_078,4.7967,92.51,12.243419,29072.0,0.45023100000000005,20.5793,72527,44799.0
plate1_pbmc_plate1_079,11.0865,94.72,9.530710000000001,16232.0,0.465041,67.3671,38744,23698.0
plate1_pbmc_plate1_080,13.4589,94.35,7.978578999999999,20276.0,0.450387,67.0237,46814,29789.0
plate1_pbmc_plate1_081,12.2174,94.75,13.552204999999999,18116.0,0.456563,67.8302,45236,28051.0
plate1_pbmc_plate1_082,0.4183,95.2,14.223195,392.0,0.45724499999999996,78.4464,968,611.0
plate1_pbmc_plate1_083,10.5004,94.65,7.387289999999999,13640.0,0.45679200000000003,74.6367,31780,19707.0
plate1_pbmc_plate1_084,10.4725,94.51,10.980501,15979.0,0.425784,63.0613,36304,25311.0
plate1_pbmc_plate1_085,12.011,94.9,11.72997,17639.0,0.46035600000000004,67.1821,42780,26586.0
plate1_pbmc_plate1_086,12.6091,94.83,12.439859,18927.0,0.45859799999999995,67.6374,46293,28840.0
plate1_pbmc_plate1_087,11.7992,94.69,14.437073000000002,17282.0,0.465958,68.2716,44218,26639.0
plate1_pbmc_plate1_088,10.6403,94.41,6.615278,16234.0,0.43569399999999997,63.9439,35788,24091.0
plate1_pbmc_plate1_089,13.3976,94.65,17.054729000000002,20733.0,0.47082700000000005,66.8987,55929,32720.0
plate1_pbmc_plate1_090,12.4759,94.44,10.849103999999999,17807.0,0.453291,69.8032,42545,26876.0
plate1_pbmc_plate1_091,13.002,94.62,6.95384,18706.0,0.465689,71.1799,44246,26525.0
plate1_pbmc_plate1_092,12.5758,94.7,15.047542000000002,18941.0,0.441833,66.3931,46596,30578.0
plate1_pbmc_plate1_093,10.9507,94.39,9.923575999999999,15558.0,0.44923500000000005,68.226,37001,23396.0
plate1_pbmc_plate1_094,11.257,94.82,12.626941,16261.0,0.445292,69.87,39393,25376.0
plate1_pbmc_plate1_095,14.0583,94.62,12.056345,22226.0,0.4551,64.836,54300,33909.0
plate1_pbmc_plate1_096,12.1389,94.52,8.994681,16937.0,0.42618900000000004,72.7151,38172,26224.0
plate1_pbmc_plate1_097,12.344000000000001,94.69,18.190049,18071.0,0.43869600000000003,66.601,45972,30454.0
plate1_pbmc_plate1_098,11.9017,94.53,16.046919,17249.0,0.46329899999999996,69.0548,45185,27211.0
plate1_pbmc_plate1_099,11.5901,94.44,12.433392999999999,16269.0,0.45786400000000005,69.958,40641,24817.0
plate1_pbmc_plate1_100,12.2001,94.5,13.169732000000002,17373.0,0.44678900000000005,69.7271,42146,27211.0
plate1_pbmc_plate1_101,17.427,94.99,3.5670129999999998,36659.0,0.451672,48.0468,78830,51294.0
plate1_pbmc_plate1_102,13.3577,94.62,10.887462,19701.0,0.478253,69.3211,49678,28619.0
plate1_pbmc_plate1_103,13.0127,94.77,6.977082000000001,19199.0,0.470876,70.1003,44796,27015.0
plate1_pbmc_plate1_104,11.3463,94.59,12.464468,16321.0,0.456905,67.6562,40554,24945.0
plate1_pbmc_plate1_105,12.4878,94.63,10.100394999999999,17730.0,0.452014,70.8397,42259,26593.0
plate1_pbmc_plate1_106,13.652000000000001,94.74,18.251167000000002,20147.0,0.463446,68.5737,53939,32631.0
plate1_pbmc_plate1_107,12.9034,94.57,16.293875,19460.0,0.471576,68.4059,51299,30400.0
plate1_pbmc_plate1_108,11.9071,94.84,12.856286,17427.0,0.464492,68.0443,43104,26434.0
plate1_pbmc_plate1_109,14.7123,94.51,16.500428,24361.0,0.468628,65.467,64473,38319.0
plate1_pbmc_plate1_110,11.6353,94.34,8.463035000000001,15997.0,0.421401,71.0575,35861,24839.0
plate1_pbmc_plate1_111,11.947000000000001,94.85,7.362977000000001,17375.0,0.45737,68.5487,39793,25073.0
plate1_pbmc_plate1_112,11.5807,95.2,17.110834,16640.0,0.471947,67.9626,44118,26234.0
plate1_pbmc_plate1_113,12.5438,94.6,16.023456,18474.0,0.46451000000000003,67.9258,49000,29080.0
plate1_pbmc_plate1_114,16.7277,94.97,3.85773,33221.0,0.454218,50.1056,72625,46427.0
plate1_pbmc_plate1_115,14.7949,95.03,25.488654,25579.0,0.4751,62.3729,77487,44650.0
plate1_pbmc_plate1_116,13.2578,95.08,14.990665,20035.0,0.46259300000000003,67.2755,50771,31246.0
plate1_pbmc_plate1_117,13.5295,94.54,7.222385000000001,18999.0,0.469921,72.8074,44764,26845.0
plate1_pbmc_plate1_118,12.7689,94.64,5.2435220000000005,18541.0,0.467333,70.4068,42302,25752.0
plate1_pbmc_plate1_119,11.5008,94.4,3.917587,16089.0,0.439742,71.7647,35147,23045.0
plate1_pbmc_plate1_120,11.3343,94.35,9.255889,16951.0,0.44720600000000005,65.7388,39175,25387.0
plate1_pbmc_plate1_121,13.2404,95.27,13.736189999999999,19286.0,0.45806499999999994,69.9714,47735,29854.0
plate1_pbmc_plate1_122,12.7569,94.66,14.871442000000002,18541.0,0.46822299999999994,69.6281,47929,28625.0
plate1_pbmc_plate1_123,13.9291,94.49,7.257148,21214.0,0.454667,68.3636,48589,30712.0
plate1_pbmc_plate1_124,12.5544,94.66,16.691812,18222.0,0.4582,68.82,47677,29203.0
plate1_pbmc_plate1_125,15.2678,94.67,7.142562,22465.0,0.47872299999999995,71.6013,54025,31296.0
plate1_pbmc_plate1_126,14.0517,94.46,17.260059,21078.0,0.477929,69.2188,58264,32995.0
plate1_pbmc_plate1_127,19.0535,94.99,6.650519999999999,37000.0,0.481699,54.7558,88193,51053.0
plate1_pbmc_plate1_128,11.654000000000002,94.33,7.738128999999999,16108.0,0.42668999999999996,71.5906,35554,24580.0
plate1_pbmc_plate1_129,11.9311,94.49,8.117208,17466.0,0.42662799999999995,65.9714,38448,26768.0
plate1_pbmc_plate1_130,13.3084,94.8,16.188409,20854.0,0.463553,65.3766,54060,32940.0
plate1_pbmc_plate1_131,14.0716,94.62,3.055364,21100.0,0.47344899999999995,69.4165,47354,28380.0
plate1_pbmc_plate1_132,17.8639,94.78,6.676164999999999,32752.0,0.459495,55.8584,74290,46757.0
plate1_pbmc_plate1_133,14.9441,94.73,11.386593,22195.0,0.46451000000000003,68.8725,54233,33108.0
plate1_pbmc_plate1_134,14.394,94.48,16.548682,22516.0,0.46403500000000003,67.0509,59672,35692.0
plate1_pbmc_plate1_135,12.9914,94.49,18.986156,19897.0,0.460978,67.7647,53941,32646.0
plate1_pbmc_plate1_136,12.4759,94.61,8.974836999999999,19534.0,0.45943199999999995,65.42399999999999,45895,28597.0
plate1_pbmc_plate1_137,13.3896,94.53,7.721597999999999,19145.0,0.46749300000000005,71.579,45442,27298.0
plate1_pbmc_plate1_138,13.5588,94.5,13.585208999999999,20425.0,0.470092,68.5311,53140,30977.0
plate1_pbmc_plate1_139,12.0416,94.46,10.648026,17001.0,0.416725,68.8968,38029,27276.0
plate1_pbmc_plate1_140,11.1438,94.66,13.676957000000002,15659.0,0.46752,69.4901,39650,23867.0
plate1_pbmc_plate1_141,13.708,94.67,4.334003,20462.0,0.464592,68.8298,46379,28270.0
plate1_pbmc_plate1_142,9.9796,93.73,8.997503,12754.0,0.35049600000000003,73.8245,25695,23067.0
plate1_pbmc_plate1_143,11.2251,94.53,16.63862,15852.0,0.460417,71.4135,41554,25298.0
plate1_pbmc_plate1_144,13.1539,94.46,10.392769,19529.0,0.44579799999999997,67.4337,45765,29692.0
plate1_pbmc_plate1_145,12.2721,94.56,16.472413,17773.0,0.456237,69.1794,46475,28495.0
plate1_pbmc_plate1_146,12.7396,94.78,6.7990520000000005,18492.0,0.454168,68.8322,42704,26659.0
plate1_pbmc_plate1_147,13.2551,94.41,11.651622,23392.0,0.46188199999999996,57.4914,57633,35147.0
plate1_pbmc_plate1_148,11.9031,94.49,7.922322,16690.0,0.44976000000000005,71.2595,38711,24532.0
plate1_pbmc_plate1_149,11.1891,94.49,11.710963000000001,15945.0,0.46678500000000006,70.1412,39798,23787.0
plate1_pbmc_plate1_150,15.4143,94.56,9.021885000000001,22407.0,0.466096,69.877,53398,32475.0
plate1_pbmc_plate1_151,10.647,94.42,7.296088,16162.0,0.463751,65.9688,37695,23071.0
plate1_pbmc_plate1_152,16.1443,95.04,7.659545,26884.0,0.446407,59.8372,60160,39623.0
plate1_pbmc_plate1_153,17.9798,94.81,8.080467,32625.0,0.460953,56.8281,75834,47181.0
plate1_pbmc_plate1_154,13.9597,94.91,4.769655,21064.0,0.47335699999999997,69.7975,47964,28846.0
plate1_pbmc_plate1_155,12.633,94.42,13.260860000000001,18910.0,0.43595200000000006,67.2125,44985,30199.0
plate1_pbmc_plate1_156,11.7632,94.2,13.855645999999998,16196.0,0.413587,70.818,37980,27108.0
plate1_pbmc_plate1_157,12.7289,94.37,12.019117999999999,18776.0,0.43428599999999995,66.6721,44084,29648.0
plate1_pbmc_plate1_158,12.0576,94.82,16.09003,18044.0,0.47197100000000003,68.3687,47762,28104.0
plate1_pbmc_plate1_159,16.1536,94.68,9.155639,26155.0,0.477041,64.3361,64218,37341.0
plate1_pbmc_plate1_160,13.3417,94.5,7.646611999999999,19433.0,0.459783,70.4781,45330,28023.0
plate1_pbmc_plate1_161,14.334000000000001,94.64,12.949699,21269.0,0.463483,69.1524,53076,32349.0
plate1_pbmc_plate1_162,12.372,94.52,9.451637,17206.0,0.46688,72.0503,41407,25024.0
plate1_pbmc_plate1_163,11.8831,94.59,8.888416000000001,17139.0,0.45131800000000005,67.8885,39568,25393.0
plate1_pbmc_plate1_164,13.387,94.93,16.614667999999998,21114.0,0.47753999999999996,65.4792,56883,32813.0
plate1_pbmc_plate1_165,12.6983,94.7,16.658538,18796.0,0.465822,68.5585,49577,29750.0
plate1_pbmc_plate1_166,19.2466,94.97,6.545475,32953.0,0.47576599999999997,60.021,76878,45816.0
plate1_pbmc_plate1_167,12.34,94.58,8.642543,17875.0,0.486968,70.39,45041,25009.0
plate1_pbmc_plate1_168,14.6617,94.71,16.808222,23312.0,0.442171,65.2898,58710,38408.0
plate1_pbmc_plate1_169,13.2817,94.68,16.859765,20021.0,0.47758999999999996,67.8938,54143,31205.0
plate1_pbmc_plate1_170,13.2764,94.76,13.250160999999999,20165.0,0.47091099999999997,67.3887,51012,30425.0
plate1_pbmc_plate1_171,11.8911,94.42,9.641452000000001,16532.0,0.436213,72.5814,38131,25331.0
plate1_pbmc_plate1_172,11.4542,94.54,12.962561,16041.0,0.43771499999999997,70.4151,38219,25451.0
plate1_pbmc_plate1_173,11.0466,94.21,14.284151999999999,15680.0,0.449934,68.3431,39788,24750.0
plate1_pbmc_plate1_174,13.8106,94.63,11.833544999999999,21547.0,0.476333,65.9479,54365,31728.0
plate1_pbmc_plate1_175,18.6685,94.83,6.181919000000001,33676.0,0.444118,56.0231,73860,49036.0
plate1_pbmc_plate1_176,13.3776,94.76,8.763335000000001,19927.0,0.476285,68.9804,48162,28357.0
plate1_pbmc_plate1_177,13.2524,94.63,15.282210999999998,20173.0,0.480121,67.9804,53958,30742.0
plate1_pbmc_plate1_178,11.0119,94.63,11.995968,15714.0,0.476717,69.6713,40323,23168.0
plate1_pbmc_plate1_179,11.9644,94.55,15.627432,17347.0,0.46153999999999995,69.1172,44750,27304.0
plate1_pbmc_plate1_180,11.6593,94.05,11.150367,16598.0,0.384359,66.9718,35503,28531.0
plate1_pbmc_plate1_181,11.3423,94.47,11.77905,16642.0,0.444425,67.1464,39553,25757.0
plate1_pbmc_plate1_182,13.8412,94.87,14.748054000000002,20810.0,0.47591000000000006,68.73,54207,31710.0
plate1_pbmc_plate1_183,13.4629,94.58,20.987161999999998,21787.0,0.464031,64.9489,61100,36477.0
plate1_pbmc_plate1_184,13.4136,94.83,17.615289999999998,19526.0,0.49694399999999994,71.4274,54849,29871.0
plate1_pbmc_plate1_185,14.1955,94.66,7.357715,21405.0,0.45945600000000003,69.9048,49427,30787.0
plate1_pbmc_plate1_186,12.4852,94.34,11.196832,17266.0,0.455348,72.9208,42203,26075.0
plate1_pbmc_plate1_187,12.6983,94.43,5.184995,18451.0,0.45819499999999996,69.9717,41994,25980.0
plate1_pbmc_plate1_188,12.4625,94.91,13.630485,18699.0,0.469116,66.8083,47199,28417.0
plate1_pbmc_plate1_189,12.1735,94.62,10.305924000000001,17093.0,0.463168,72.1074,41468,25244.0
plate1_pbmc_plate1_190,14.1302,94.68,9.545057,20678.0,0.472689,70.8508,50059,29843.0
plate1_pbmc_plate1_191,13.2484,94.75,12.590385000000001,19946.0,0.466659,67.2313,50062,30063.0
plate1_pbmc_plate1_192,18.1543,94.81,20.924295,33759.0,0.48529700000000003,60.0733,98000,54702.0
plate1_pbmc_plate1_193,13.2711,94.84,11.659328,20465.0,0.46854799999999996,66.5566,50790,30431.0
plate1_pbmc_plate1_194,13.4536,94.66,13.030802,20583.0,0.471034,66.3244,52130,30972.0
plate1_pbmc_plate1_195,13.311,94.57,16.972095,19935.0,0.46886400000000006,68.2611,53674,31526.0
plate1_pbmc_plate1_196,12.9194,94.38,6.180053,18946.0,0.44422700000000004,69.0973,42010,27584.0
plate1_pbmc_plate1_197,12.7662,94.93,14.380684,18546.0,0.48965699999999995,69.8952,49935,27582.0
plate1_pbmc_plate1_198,11.3756,94.8,14.622736999999999,16792.0,0.460678,67.5514,42316,26156.0
plate1_pbmc_plate1_199,12.700999999999999,94.7,10.884535000000001,20059.0,0.47266,64.7452,49451,29383.0
plate1_pbmc_plate1_200,12.9314,94.91,15.326473000000002,18596.0,0.47856000000000004,69.2082,49081,28417.0
plate1_pbmc_plate1_201,6.2819,95.0,20.138203,8090.0,0.483979,70.8243,22927,13003.0
plate1_pbmc_plate1_202,12.7702,94.58,11.65219,19122.0,0.448701,67.2403,45621,29344.0
plate1_pbmc_plate1_203,12.9181,94.66,9.239550999999999,18762.0,0.46235299999999996,68.9677,45080,27417.0
plate1_pbmc_plate1_204,11.4369,94.37,14.729126,16401.0,0.460825,68.7039,41691,25572.0
plate1_pbmc_plate1_205,12.2441,94.6,13.764645000000002,18181.0,0.464355,67.7347,45777,27875.0
plate1_pbmc_plate1_206,12.3999,94.44,7.760992999999999,17768.0,0.429616,69.5271,39087,26978.0
plate1_pbmc_plate1_207,17.9878,94.87,6.293147,31627.0,0.47177399999999997,58.4264,72891,44118.0
plate1_pbmc_plate1_208,12.2787,94.57,17.386215,17643.0,0.45291499999999996,69.0064,46268,28756.0
plate1_pbmc_plate1_209,12.0656,94.53,5.8017330000000005,17389.0,0.464679,71.6062,39805,24394.0
plate1_pbmc_plate1_210,11.5647,94.76,10.160675999999999,17445.0,0.47511800000000004,67.4349,42720,25255.0
plate1_pbmc_plate1_211,14.005,94.64,16.989523000000002,22026.0,0.46070200000000006,66.3997,57580,35286.0
plate1_pbmc_plate1_212,12.6144,94.74,13.560578,18664.0,0.454871,67.9928,46560,28981.0
plate1_pbmc_plate1_213,13.4203,94.66,14.106465,20605.0,0.45398900000000003,66.4117,51685,32243.0
plate1_pbmc_plate1_214,12.661,94.3,12.564695,18921.0,0.43055600000000005,65.7047,44453,30258.0
plate1_pbmc_plate1_215,12.296,94.53,15.187609,18015.0,0.464908,69.2599,46203,28061.0
plate1_pbmc_plate1_216,12.1029,94.71,12.121358,18248.0,0.464129,66.8457,45138,27464.0
plate1_pbmc_plate1_217,12.5211,94.82,16.434704,18493.0,0.450528,66.8369,46988,29915.0
plate1_pbmc_plate1_218,13.6973,94.6,12.613961999999999,20416.0,0.46336400000000005,68.281,50514,30937.0
plate1_pbmc_plate1_219,11.8378,94.43,10.9171,16785.0,0.43199099999999996,68.7825,38576,26280.0
plate1_pbmc_plate1_220,11.5874,94.69,16.983735999999997,16844.0,0.479837,69.1055,46926,26206.0
plate1_pbmc_plate1_221,19.0015,94.75,7.217361,34247.0,0.48089399999999993,57.6712,81518,47596.0
plate1_pbmc_plate1_222,14.2142,94.82,9.027241,21173.0,0.472137,69.8698,51326,30407.0
plate1_pbmc_plate1_223,11.309000000000001,94.73,18.773263,15931.0,0.467732,70.3844,43360,25796.0
plate1_pbmc_plate1_224,12.2987,94.42,17.565465,18542.0,0.448539,66.3962,48145,30503.0
plate1_pbmc_plate1_225,9.8557,94.55,10.173544999999999,13147.0,0.44131000000000004,72.2431,30331,20089.0
plate1_pbmc_plate1_226,11.7752,94.86,15.412529000000001,17716.0,0.458083,66.7542,44968,27966.0
plate1_pbmc_plate1_227,11.9564,94.5,15.555228,17209.0,0.448784,68.4774,43299,27627.0
plate1_pbmc_plate1_228,12.2001,94.78,17.133729000000002,18156.0,0.463174,66.7891,48079,29023.0
plate1_pbmc_plate1_229,16.2402,94.52,5.185009,35951.0,0.44984799999999997,46.3644,79256,51312.0
plate1_pbmc_plate1_230,13.6201,94.64,10.155739,20595.0,0.47008599999999995,68.885,50056,30041.0
plate1_pbmc_plate1_231,15.3717,94.98,6.029971,26212.0,0.46256400000000003,58.3602,59259,36985.0
plate1_pbmc_plate1_232,18.3781,94.74,5.834779,36909.0,0.466692,50.6633,84293,51638.0
plate1_pbmc_plate1_233,12.8861,94.53,8.339152,18378.0,0.456374,70.5187,43671,26846.0
plate1_pbmc_plate1_234,14.2741,94.84,8.883797999999999,21477.0,0.47217700000000007,70.3661,51739,30792.0
plate1_pbmc_plate1_235,11.9697,94.64,7.6000440000000005,16948.0,0.47000699999999995,71.9496,40735,24041.0
plate1_pbmc_plate1_236,11.5554,94.65,17.336782999999997,16612.0,0.44968100000000005,67.3492,43379,27201.0
plate1_pbmc_plate1_237,17.5589,94.47,7.3945419999999995,35191.0,0.43605299999999997,50.1921,77486,52632.0
plate1_pbmc_plate1_238,14.3221,94.85,10.710036,22510.0,0.45909399999999995,65.1686,53888,33608.0
plate1_pbmc_plate1_239,14.1396,94.77,10.862447,24774.0,0.45394700000000004,60.6376,59142,37358.0
plate1_pbmc_plate1_240,11.658,94.66,14.102694,16896.0,0.465779,68.7316,42995,25949.0
plate1_pbmc_plate1_241,12.2987,94.4,9.59122,17052.0,0.45770600000000006,72.0455,40690,25200.0
plate1_pbmc_plate1_242,16.8396,95.1,17.545809,28934.0,0.46763299999999997,63.066,76690,46163.0
plate1_pbmc_plate1_243,10.9946,94.98,15.289256,15785.0,0.467372,68.5924,40592,24526.0
plate1_pbmc_plate1_244,13.8958,94.55,11.938474000000001,22328.0,0.446083,63.663999999999994,53414,34523.0
plate1_pbmc_plate1_245,12.9541,94.61,8.903504,18560.0,0.47025500000000003,71.6207,44461,26695.0
plate1_pbmc_plate1_246,14.9974,94.57,13.662512,23413.0,0.46454700000000004,66.1774,59245,35844.0
plate1_pbmc_plate1_247,12.2294,94.8,8.183622,17581.0,0.461484,69.6861,40960,25430.0
plate1_pbmc_plate1_248,14.9228,94.66,6.097302,22100.0,0.45400799999999997,69.86399999999999,49641,31632.0
plate1_pbmc_plate1_249,12.0656,92.52,6.824700999999999,17216.0,0.454795,70.4714,40630,24801.0
plate1_pbmc_plate1_250,14.0463,94.79,19.346306,22258.0,0.472292,65.6937,61592,36045.0
plate1_pbmc_plate1_251,18.7338,94.78,7.446377,34218.0,0.47013999999999995,56.8987,79883,48447.0
plate1_pbmc_plate1_252,11.1705,94.54,12.746265,16121.0,0.46267299999999995,69.1681,40484,24492.0
plate1_pbmc_plate1_253,11.3037,94.65,14.735151,16451.0,0.43495600000000006,67.1271,39849,26773.0
plate1_pbmc_plate1_254,12.1229,95.07,18.650157999999998,18791.0,0.475642,65.4595,51416,30020.0
plate1_pbmc_plate1_255,12.8582,94.71,21.072384,19769.0,0.45966999999999997,67.4452,54899,33361.0
plate1_pbmc_plate1_256,14.4579,94.78,9.1417,24231.0,0.460262,61.5884,57088,35488.0
plate1_pbmc_plate1_257,11.9297,94.67,11.325852000000001,17068.0,0.456977,70.6047,41839,25747.0
plate1_pbmc_plate1_258,13.6014,94.64,17.251983,20452.0,0.458754,67.2924,53624,32968.0
plate1_pbmc_plate1_259,12.5451,94.72,11.019176,18282.0,0.456484,70.9992,44229,27505.0
plate1_pbmc_plate1_260,11.1358,94.68,8.743791,17638.0,0.468807,64.2772,42057,25380.0
plate1_pbmc_plate1_261,10.924000000000001,94.65,14.250642000000001,15368.0,0.452546,69.6323,38478,24145.0
plate1_pbmc_plate1_262,13.5255,94.61,6.229727,19658.0,0.44995100000000005,71.5488,44228,28366.0
plate1_pbmc_plate1_263,13.9105,94.98,12.797746,20428.0,0.4816,69.5595,52256,30179.0
plate1_pbmc_plate1_264,18.506,94.42,6.056661,42577.0,0.456987,45.4448,96014,60626.0
plate1_pbmc_plate1_265,12.9541,94.7,9.436346,18638.0,0.45546899999999996,70.3644,43720,27596.0
plate1_pbmc_plate1_266,12.1455,94.67,14.112554000000001,17856.0,0.47626999999999997,69.139,46271,26992.0
plate1_pbmc_plate1_267,12.9501,94.73,15.851142999999999,19175.0,0.47254799999999997,67.8501,50469,29753.0
plate1_pbmc_plate1_268,19.6116,94.41,5.092873,42358.0,0.467487,48.1392,96337,58724.0
plate1_pbmc_plate1_269,14.1968,94.55,4.326351,21694.0,0.463441,67.8655,48448,30023.0
plate1_pbmc_plate1_270,12.3027,94.7,16.662087,18196.0,0.454995,66.7537,46884,29299.0
plate1_pbmc_plate1_271,13.1712,94.82,9.571497,18782.0,0.468975,71.6562,44826,27265.0
plate1_pbmc_plate1_272,14.5285,95.07,11.762362,22145.0,0.476797,68.9485,55267,32560.0
plate1_pbmc_plate1_273,17.3991,94.87,6.625804,30468.0,0.441162,56.6074,66864,44799.0
plate1_pbmc_plate1_274,14.699000000000002,94.94,17.033321,23156.0,0.48771099999999995,66.25399999999999,64078,35636.0
plate1_pbmc_plate1_275,19.4118,95.0,7.327934,35587.0,0.47563999999999995,56.1535,83483,49904.0
plate1_pbmc_plate1_276,14.1968,94.77,9.410888,20667.0,0.47703100000000004,71.7016,50626,29589.0
plate1_pbmc_plate1_277,13.6161,94.99,13.294463,19481.0,0.478918,70.6961,49923,29058.0
plate1_pbmc_plate1_278,14.5858,94.42,15.834079999999998,22543.0,0.451754,66.2336,57431,36130.0
plate1_pbmc_plate1_279,13.6267,94.85,14.985014999999999,20424.0,0.46735299999999996,69.1038,52427,31618.0
plate1_pbmc_plate1_280,12.9381,94.78,10.585776,20103.0,0.46794600000000003,65.7675,48816,29561.0
plate1_pbmc_plate1_281,14.8735,94.66,7.592414999999999,24123.0,0.46307,64.3861,56108,34584.0
plate1_pbmc_plate1_282,13.034,94.78,13.447443,20075.0,0.481907,66.7306,51940,29864.0
plate1_pbmc_plate1_283,13.6494,94.64,11.789368,21040.0,0.465549,66.8372,51990,31480.0
plate1_pbmc_plate1_284,14.9388,94.97,13.298666,22675.0,0.47532399999999997,67.5984,57657,34004.0
plate1_pbmc_plate1_285,14.1396,94.75,18.029732,20677.0,0.484383,70.0258,57479,32363.0
plate1_pbmc_plate1_286,12.7023,94.64,14.409069,19329.0,0.473725,66.6497,50470,29434.0
plate1_pbmc_plate1_287,12.5331,94.52,14.300622,19710.0,0.44235399999999997,63.6093,47850,31512.0
plate1_pbmc_plate1_288,14.073,94.7,16.366548,21411.0,0.478095,68.5403,57578,33149.0
plate1_pbmc_plate1_289,16.2029,94.82,11.729741,25097.0,0.46108599999999994,70.2659,61114,37785.0
plate1_pbmc_plate1_290,17.7094,94.77,8.815823,32364.0,0.45993599999999996,56.4055,75663,47256.0
plate1_pbmc_plate1_291,13.2684,94.63,11.661299,19749.0,0.437542,67.3645,47625,30883.0
plate1_pbmc_plate1_292,11.7286,94.9,14.849492000000001,16916.0,0.47843199999999997,69.1835,44487,25711.0
plate1_pbmc_plate1_293,19.9166,94.73,5.564138,37899.0,0.47396800000000006,56.0824,87181,52287.0
plate1_pbmc_plate1_294,12.4918,94.48,3.340818,21092.0,0.455564,60.4509,46067,29255.0
plate1_pbmc_plate1_295,11.280999999999999,94.77,16.840475,16108.0,0.448792,68.4073,41599,26256.0
plate1_pbmc_plate1_296,13.058,94.96,7.188978,18255.0,0.461787,72.3092,41804,26110.0
plate1_pbmc_plate1_297,12.3813,94.83,13.847106,18099.0,0.45773199999999997,67.1316,44978,28069.0
plate1_pbmc_plate1_298,13.5188,94.81,5.61456,19551.0,0.475077,71.0317,45188,26942.0
plate1_pbmc_plate1_299,18.0638,95.15,4.269122,36596.0,0.47678000000000004,51.41,82716,49597.0
plate1_pbmc_plate1_300,13.5388,94.84,14.393751000000002,20602.0,0.468437,68.0815,52635,31619.0
plate1_pbmc_plate1_301,12.9607,94.96,11.949601,19637.0,0.469732,65.4515,48622,29243.0
plate1_pbmc_plate1_302,12.6197,94.63,17.369848,18586.0,0.45927700000000005,69.5661,49074,29979.0
plate1_pbmc_plate1_303,13.5788,94.94,15.544341000000001,20418.0,0.46391099999999996,67.8276,52268,31987.0
plate1_pbmc_plate1_304,12.0523,94.66,8.684211,17003.0,0.43824300000000005,71.0473,38640,25690.0
plate1_pbmc_plate1_305,13.4203,94.7,11.870032,20180.0,0.453038,69.2855,48916,30825.0
plate1_pbmc_plate1_306,14.8109,95.01,11.484747,22690.0,0.473634,67.7401,57134,33415.0
plate1_pbmc_plate1_307,12.7023,94.47,8.930861,18467.0,0.44775200000000004,70.7269,42975,27534.0
plate1_pbmc_plate1_308,18.0544,94.86,4.100665,36506.0,0.454628,51.2557,80253,51112.0
plate1_pbmc_plate1_309,18.0238,94.76,5.6165449999999995,36281.0,0.44897600000000004,50.3161,79574,52092.0
plate1_pbmc_plate1_310,11.1904,94.34,10.281061,15865.0,0.440553,69.8948,36874,24303.0
plate1_pbmc_plate1_311,9.0192,94.71,15.294525,12223.0,0.332408,67.2626,25223,24816.0
plate1_pbmc_plate1_312,14.8189,94.89,15.722560000000001,23135.0,0.46627700000000005,67.7134,59684,36188.0
plate1_pbmc_plate1_313,13.01,94.37,4.607069999999999,21534.0,0.456467,61.5819,48212,30221.0
plate1_pbmc_plate1_314,15.2012,94.89,17.620535999999998,25031.0,0.48115699999999995,64.4858,68442,39167.0
plate1_pbmc_plate1_315,12.985999999999999,94.57,4.657507,18874.0,0.45587,70.7491,42106,26527.0
plate1_pbmc_plate1_316,12.0896,94.57,7.849705999999999,17879.0,0.444816,69.2789,41140,26475.0
plate1_pbmc_plate1_317,13.8918,94.62,14.036416000000001,21576.0,0.478993,67.5047,56279,32456.0
plate1_pbmc_plate1_318,11.7539,94.3,14.919621,16777.0,0.44691899999999996,69.04,41743,26814.0
plate1_pbmc_plate1_319,17.9039,94.12,6.473846,37316.0,0.43677299999999997,49.5426,82115,55190.0
plate1_pbmc_plate1_320,13.2671,94.97,16.328879,18908.0,0.43781899999999996,69.1942,46833,31204.0
plate1_pbmc_plate1_321,13.4736,94.58,10.621816,21230.0,0.48395600000000005,65.2739,53994,30493.0
plate1_pbmc_plate1_322,13.2551,94.66,14.103928,19373.0,0.46119099999999996,68.8126,48743,29969.0
plate1_pbmc_plate1_323,14.7377,94.97,14.473389000000001,22851.0,0.485153,69.7227,60163,34239.0
plate1_pbmc_plate1_324,17.8799,94.95,7.232247,31875.0,0.45893999999999996,55.648999999999994,72348,45819.0
plate1_pbmc_plate1_325,13.9451,94.6,7.066673,21173.0,0.449194,67.8423,48047,30865.0
plate1_pbmc_plate1_326,13.5162,94.97,14.326177,20871.0,0.480709,67.9857,54482,31422.0
plate1_pbmc_plate1_327,11.8578,94.78,11.38022,17124.0,0.464232,68.4754,42155,25554.0
plate1_pbmc_plate1_328,11.6953,94.84,10.143104,17142.0,0.46064499999999997,68.6953,40852,25370.0
plate1_pbmc_plate1_329,14.2195,94.88,9.865932,21917.0,0.478891,68.0951,53899,31449.0
plate1_pbmc_plate1_330,13.2671,94.69,12.618283,20685.0,0.457798,64.3735,50571,31625.0
plate1_pbmc_plate1_331,13.4616,94.74,5.5651589999999995,19667.0,0.46444799999999997,70.46,44778,27530.0
plate1_pbmc_plate1_332,18.9056,94.56,6.618448,40282.0,0.45614399999999994,48.7064,91013,57780.0
plate1_pbmc_plate1_333,13.0819,94.89,15.301696,19329.0,0.473916,70.124,50450,29735.0
plate1_pbmc_plate1_334,12.8595,94.52,8.6682,18660.0,0.440783,68.8904,42740,28068.0
plate1_pbmc_plate1_335,12.6677,94.83,16.234652,19034.0,0.468157,67.7727,50016,29869.0
plate1_pbmc_plate1_336,13.3084,94.43,8.779223,18651.0,0.44523100000000004,73.8335,43330,27879.0
plate1_pbmc_plate1_337,16.1296,94.76,15.377204,28985.0,0.47738800000000003,59.6389,76492,44399.0
plate1_pbmc_plate1_338,18.6352,94.59,11.070089,45766.0,0.46443999999999996,45.6959,113472,68034.0
plate1_pbmc_plate1_339,15.8499,94.97,6.1079870000000005,28884.0,0.45491400000000004,54.8289,64487,41288.0
plate1_pbmc_plate1_340,15.8432,94.86,8.206093,24889.0,0.474178,68.5642,59336,35314.0
plate1_pbmc_plate1_341,14.1143,94.62,5.354669,21175.0,0.45892299999999997,69.3537,47777,29836.0
plate1_pbmc_plate1_342,12.4719,94.55,15.354899,18186.0,0.46577299999999994,69.5183,47321,28343.0
plate1_pbmc_plate1_343,11.614,94.6,9.671071000000001,16065.0,0.449636,71.7234,37718,24076.0
plate1_pbmc_plate1_344,12.356,94.68,14.549643,18177.0,0.45641800000000005,69.0109,45621,28480.0
plate1_pbmc_plate1_345,14.2381,94.8,19.704399,22926.0,0.460703,65.0848,62315,37971.0
plate1_pbmc_plate1_346,13.6014,94.68,15.878182999999998,20413.0,0.462416,68.973,52992,32181.0
plate1_pbmc_plate1_347,13.9384,94.72,10.895357,20053.0,0.470657,71.6152,50199,29468.0
plate1_pbmc_plate1_348,15.2638,95.31,15.895041,25578.0,0.458996,63.23,65582,40549.0
plate1_pbmc_plate1_349,13.2351,94.84,14.144385999999999,20134.0,0.45799300000000004,67.5088,50434,31319.0
plate1_pbmc_plate1_350,18.9562,95.02,5.8916319999999995,34007.0,0.450787,57.5451,75298,48824.0
plate1_pbmc_plate1_351,12.998,94.52,14.491382999999999,19897.0,0.448746,65.5636,50123,31544.0
plate1_pbmc_plate1_352,12.9141,94.86,14.57211,19346.0,0.459265,66.8661,48644,30183.0
plate1_pbmc_plate1_353,16.6758,94.67,8.216199000000001,28274.0,0.394592,58.0588,58198,46083.0
plate1_pbmc_plate1_354,14.9188,94.48,8.978253,22476.0,0.45440699999999995,69.0641,53322,33168.0
plate1_pbmc_plate1_355,11.0879,94.39,14.291848000000002,15970.0,0.402846,67.1363,36376,27422.0
plate1_pbmc_plate1_356,14.5951,94.85,20.157764999999998,23381.0,0.488605,66.3912,67666,37344.0
plate1_pbmc_plate1_357,13.5615,94.64,16.058182000000002,20256.0,0.470916,68.729,53180,31586.0
plate1_pbmc_plate1_358,13.5215,94.76,12.182719,20205.0,0.47550600000000004,67.9199,50747,29907.0
plate1_pbmc_plate1_359,12.6597,94.4,8.937689,18370.0,0.44255,69.075,42175,27630.0
plate1_pbmc_plate1_360,17.6375,94.77,8.43557,33063.0,0.47569300000000003,54.6969,79514,46924.0
plate1_pbmc_plate1_361,19.5889,94.83,13.869856,40979.0,0.478946,52.5285,106577,61528.0
plate1_pbmc_plate1_362,13.5415,94.59,14.606603,20795.0,0.464521,67.3148,53171,32189.0
plate1_pbmc_plate1_363,13.9837,94.84,15.909265,21946.0,0.481071,65.1736,58416,33646.0
plate1_pbmc_plate1_364,12.2907,94.47,3.4728489999999996,21402.0,0.45440200000000003,58.4205,46852,29783.0
plate1_pbmc_plate1_365,17.4324,95.17,5.555219999999999,31282.0,0.48296999999999995,57.8241,72667,42584.0
plate1_pbmc_plate1_366,12.4665,94.48,5.929554,18054.0,0.458847,70.5919,41271,25596.0
plate1_pbmc_plate1_367,17.5975,94.88,7.474978999999999,32356.0,0.449863,54.7226,72759,47321.0
plate1_pbmc_plate1_368,13.307,94.71,18.406903,19575.0,0.474711,69.3739,53867,31222.0
plate1_pbmc_plate1_369,16.4134,94.89,10.448475,26218.0,0.476608,66.4703,64817,37996.0
plate1_pbmc_plate1_370,12.5544,94.58,11.920337,18177.0,0.46303999999999995,68.9611,45342,27340.0
plate1_pbmc_plate1_371,10.964,94.35,13.791757,15458.0,0.423904,70.0574,37929,25370.0
plate1_pbmc_plate1_372,12.0962,94.36,13.891845000000002,17802.0,0.46854799999999996,67.6212,46008,27158.0
plate1_pbmc_plate1_373,14.0716,94.91,15.454223999999998,21489.0,0.478861,68.0509,56772,32873.0
plate1_pbmc_plate1_374,17.2392,94.86,6.360654,30253.0,0.461354,58.159,68415,42919.0
plate1_pbmc_plate1_375,12.3959,94.49,13.925189000000001,18179.0,0.462062,67.964,46064,28024.0
plate1_pbmc_plate1_376,13.319,94.86,16.415423999999998,20072.0,0.48181999999999997,67.6668,54948,30924.0
plate1_pbmc_plate1_377,13.3603,94.31,9.64667,21327.0,0.441431,65.9909,50222,32392.0
plate1_pbmc_plate1_378,13.4043,94.73,18.299497,20323.0,0.466225,67.393,55215,32795.0
plate1_pbmc_plate1_379,10.8561,94.06,4.323742,18654.0,0.440722,58.3167,40267,26786.0
plate1_pbmc_plate1_380,13.9811,94.56,10.026047,20380.0,0.44168100000000005,70.3413,46991,31070.0
plate1_pbmc_plate1_381,15.377,94.75,16.449653,25025.0,0.469228,64.0491,66046,39306.0
plate1_pbmc_plate1_382,17.1193,95.06,5.7646239999999995,29899.0,0.475951,58.6753,68949,41213.0
plate1_pbmc_plate1_383,12.9088,94.73,14.993571,19832.0,0.460179,66.5967,50436,31049.0
plate1_pbmc_plate1_384,0.0027,37.5,50.0,1.0,0.0,100.0,16,
plate2_pbmc_plate2_001,20.0645,94.6,5.968548,46460.0,0.48069799999999996,46.2476,109122,63730.0
plate2_pbmc_plate2_002,12.8648,94.72,8.500428,19257.0,0.49391599999999997,69.0583,48860,26637.0
plate2_pbmc_plate2_003,11.7952,94.79,12.193076,15699.0,0.389587,73.234,34870,27020.0
plate2_pbmc_plate2_004,14.1542,94.96,15.845692999999999,21902.0,0.49375600000000003,67.6881,59599,32948.0
plate2_pbmc_plate2_005,14.1449,94.8,12.409142,21691.0,0.49441599999999997,68.4118,57016,31321.0
plate2_pbmc_plate2_006,15.6101,94.81,10.005189999999999,24277.0,0.509242,68.4609,63811,33437.0
plate2_pbmc_plate2_007,15.2225,94.91,10.237765,23331.0,0.486385,68.598,58461,33251.0
plate2_pbmc_plate2_008,12.9487,94.82,13.76859,19772.0,0.506574,65.1097,53946,28522.0
plate2_pbmc_plate2_009,20.6026,95.14,7.023033,38631.0,0.503721,56.7655,95152,51884.0
plate2_pbmc_plate2_010,13.058,95.05,7.047181,18598.0,0.5062439999999999,72.6434,46258,24899.0
plate2_pbmc_plate2_011,10.1821,94.43,16.243018,14696.0,0.33678600000000003,65.0832,31410,29847.0
plate2_pbmc_plate2_012,14.9295,94.58,13.953144,23212.0,0.49503,68.0902,62420,34089.0
plate2_pbmc_plate2_013,15.6767,94.93,15.194873999999999,25545.0,0.510474,67.1884,71905,37275.0
plate2_pbmc_plate2_014,12.7436,94.64,14.47205,19278.0,0.478337,67.2072,50347,29176.0
plate2_pbmc_plate2_015,13.696,94.68,12.834609,20612.0,0.505872,69.5522,56409,29443.0
plate2_pbmc_plate2_016,17.0954,94.72,9.284797,26839.0,0.48898,68.5324,67482,37707.0
plate2_pbmc_plate2_017,15.3051,94.71,7.114777,24100.0,0.504923,68.4942,61126,32348.0
plate2_pbmc_plate2_018,15.3304,95.06,13.561879999999999,24054.0,0.522717,67.1787,67514,33898.0
plate2_pbmc_plate2_019,12.6117,94.8,14.11391,18925.0,0.505143,68.1189,52656,27463.0
plate2_pbmc_plate2_020,12.8129,94.78,15.072529000000001,18735.0,0.507182,69.9365,53357,27418.0
plate2_pbmc_plate2_021,15.2119,94.97,8.066958999999999,23066.0,0.506452,69.6752,58573,31215.0
plate2_pbmc_plate2_022,14.422,94.91,12.756402,21564.0,0.485684,68.0726,55712,31651.0
plate2_pbmc_plate2_023,15.1786,94.83,8.284047,23261.0,0.520368,70.8816,61792,30988.0
plate2_pbmc_plate2_024,12.6903,94.87,12.860000999999999,18729.0,0.495895,68.6712,49736,27127.0
plate2_pbmc_plate2_025,15.5049,95.19,17.136704,24240.0,0.520796,67.176,71367,35721.0
plate2_pbmc_plate2_026,14.0783,94.71,7.7193130000000005,21554.0,0.4997,69.3989,54005,29327.0
plate2_pbmc_plate2_027,16.9688,94.93,5.3769160000000005,30251.0,0.49356099999999997,57.3897,71972,40482.0
plate2_pbmc_plate2_028,16.9981,94.98,3.8131230000000005,30800.0,0.5005850000000001,56.3802,73094,40156.0
plate2_pbmc_plate2_029,14.8988,94.86,11.634158,23014.0,0.490303,67.9869,59101,33130.0
plate2_pbmc_plate2_030,15.1319,94.9,5.761881,22685.0,0.51774,72.6009,57597,29509.0
plate2_pbmc_plate2_031,13.8558,94.75,16.293184,21516.0,0.510307,68.1275,61708,31816.0
plate2_pbmc_plate2_032,15.4197,94.47,5.339935,24853.0,0.5108159999999999,68.0956,61749,32475.0
plate2_pbmc_plate2_033,11.9417,94.95,18.560845,16818.0,0.522994,71.6793,50721,25147.0
plate2_pbmc_plate2_034,16.3308,94.86,14.420635999999998,25281.0,0.515491,68.2628,70808,36319.0
plate2_pbmc_plate2_035,15.3171,95.43,17.003269,24123.0,0.517809,68.2642,69706,35627.0
plate2_pbmc_plate2_036,16.1336,94.72,13.904314000000001,24186.0,0.483289,70.6981,63631,36098.0
plate2_pbmc_plate2_037,15.2105,94.68,14.681935000000001,22948.0,0.50567,69.9855,63492,33498.0
plate2_pbmc_plate2_038,13.4909,94.82,7.351542,20454.0,0.506516,70.0118,52995,27464.0
plate2_pbmc_plate2_039,14.7829,94.83,7.768698,26748.0,0.496371,57.9032,66890,36581.0
plate2_pbmc_plate2_040,13.9344,95.03,15.044571,20967.0,0.52178,68.4542,59675,30098.0
plate2_pbmc_plate2_041,12.0589,94.95,18.340241,17338.0,0.500129,69.4683,49707,26643.0
plate2_pbmc_plate2_042,14.6857,94.71,15.758239999999999,22287.0,0.520447,69.7365,65350,32320.0
plate2_pbmc_plate2_043,13.8931,94.66,5.2389410000000005,20801.0,0.49429799999999996,71.7849,50717,27768.0
plate2_pbmc_plate2_044,14.699000000000002,94.89,14.323728,22538.0,0.522057,68.3038,64348,32072.0
plate2_pbmc_plate2_045,14.6564,94.8,9.006526,22449.0,0.515894,69.0203,59352,30315.0
plate2_pbmc_plate2_046,12.7476,95.01,15.207270000000001,18941.0,0.491741,68.5782,50765,28358.0
plate2_pbmc_plate2_047,13.327,94.81,16.004451,20379.0,0.517433,68.7412,59288,29754.0
plate2_pbmc_plate2_048,13.7559,94.86,17.749902,20982.0,0.5056109999999999,66.7895,60761,31774.0
plate2_pbmc_plate2_049,14.5125,95.15,19.337748,21924.0,0.5219,68.933,66541,33143.0
plate2_pbmc_plate2_050,13.0113,94.78,18.117517000000003,19217.0,0.500681,68.7481,54962,29427.0
plate2_pbmc_plate2_051,11.5568,94.27,9.405411,16105.0,0.43144499999999997,70.8725,36261,24817.0
plate2_pbmc_plate2_052,16.1563,94.87,10.976221,24859.0,0.5035649999999999,69.9882,64967,34876.0
plate2_pbmc_plate2_053,12.2454,94.78,9.666382,19008.0,0.502471,67.8167,49057,26321.0
plate2_pbmc_plate2_054,13.3643,94.75,8.499169,20369.0,0.494642,66.5918,50723,28146.0
plate2_pbmc_plate2_055,18.5286,94.89,5.48219,37361.0,0.504879,52.8145,91022,49283.0
plate2_pbmc_plate2_056,13.5348,94.76,14.949368,21585.0,0.5048189999999999,66.1925,60637,31644.0
plate2_pbmc_plate2_057,12.9181,94.88,12.085035000000001,19809.0,0.5126,68.3029,54727,27806.0
plate2_pbmc_plate2_058,19.128,95.06,6.1848849999999995,39711.0,0.499148,52.1628,96029,53187.0
plate2_pbmc_plate2_059,13.7093,94.81,17.499426999999997,21597.0,0.512922,67.5796,62824,32291.0
plate2_pbmc_plate2_060,14.1342,94.9,17.493151,20781.0,0.49378,69.3354,58320,31884.0
plate2_pbmc_plate2_061,12.9541,94.68,7.090160000000001,19394.0,0.501945,70.31,48014,26128.0
plate2_pbmc_plate2_062,14.5725,94.76,13.153960999999999,23240.0,0.514135,66.2481,64323,32957.0
plate2_pbmc_plate2_063,12.8888,94.67,7.622028,18301.0,0.480026,71.0767,44751,25581.0
plate2_pbmc_plate2_064,15.1106,94.86,11.870192999999999,23491.0,0.50584,68.398,62312,33190.0
plate2_pbmc_plate2_065,15.2891,94.75,2.731651,25246.0,0.506409,66.6731,60081,32294.0
plate2_pbmc_plate2_066,13.0979,94.79,13.081173,19349.0,0.49297299999999994,68.0068,51096,28212.0
plate2_pbmc_plate2_067,13.1192,94.72,6.0612,19187.0,0.5038739999999999,71.672,47694,25500.0
plate2_pbmc_plate2_068,16.3361,94.94,14.008304,27544.0,0.527949,63.8491,78618,38765.0
plate2_pbmc_plate2_069,19.6982,95.18,8.094928999999999,41088.0,0.524257,52.6025,107342,54355.0
plate2_pbmc_plate2_070,13.3364,94.67,8.561546,19299.0,0.508694,71.7237,50221,26180.0
plate2_pbmc_plate2_071,13.6054,94.75,17.385963,20846.0,0.5199020000000001,68.244,62267,30847.0
plate2_pbmc_plate2_072,14.2901,94.88,11.589329,23397.0,0.51618,64.5462,63505,32506.0
plate2_pbmc_plate2_073,13.402999999999999,94.64,4.431126,20252.0,0.501365,69.8716,48770,26546.0
plate2_pbmc_plate2_074,11.8445,94.81,14.134468,17356.0,0.520303,69.433,49522,24698.0
plate2_pbmc_plate2_075,11.686,94.67,10.740116,16414.0,0.455334,69.4383,39361,24662.0
plate2_pbmc_plate2_076,14.4886,94.99,18.653111,22564.0,0.5115,67.0849,66825,34280.0
plate2_pbmc_plate2_077,14.4659,94.92,9.777318,23540.0,0.502564,65.5437,60250,32632.0
plate2_pbmc_plate2_078,12.352,94.55,9.625885,17876.0,0.494544,68.3316,45720,25013.0
plate2_pbmc_plate2_079,19.3918,94.89,6.808083,35234.0,0.503793,57.6809,87348,47205.0
plate2_pbmc_plate2_080,14.1449,94.68,8.786369,20503.0,0.494649,70.9405,51938,28419.0
plate2_pbmc_plate2_081,19.4491,95.01,5.422832,34323.0,0.502877,59.748999999999995,83084,45369.0
plate2_pbmc_plate2_082,15.2425,95.0,11.846664,23410.0,0.496072,70.3137,61505,33510.0
plate2_pbmc_plate2_083,12.7476,94.83,16.69803,19920.0,0.494515,65.1696,55354,30241.0
plate2_pbmc_plate2_084,13.0353,94.58,6.973279,18103.0,0.480263,73.389,43446,25117.0
plate2_pbmc_plate2_085,14.5259,95.08,18.832863,22713.0,0.5125,67.7751,67086,34536.0
plate2_pbmc_plate2_086,14.7123,94.93,13.539522,21833.0,0.503646,71.1171,59245,31537.0
plate2_pbmc_plate2_087,11.4555,94.62,8.014921000000001,17261.0,0.497429,68.2121,43171,23633.0
plate2_pbmc_plate2_088,13.2498,94.64,14.286898999999998,20668.0,0.492123,65.4211,55348,30596.0
plate2_pbmc_plate2_089,12.8861,94.67,12.454473,19710.0,0.507147,66.7118,53227,27984.0
plate2_pbmc_plate2_090,14.5831,94.94,10.196111,21385.0,0.500378,72.1875,55067,29871.0
plate2_pbmc_plate2_091,4.8153,94.55,23.129663,7624.0,0.52354,62.0992,24547,12069.0
plate2_pbmc_plate2_092,12.8408,94.77,14.277477,19327.0,0.479451,68.0276,50581,29135.0
plate2_pbmc_plate2_093,14.4406,94.78,11.524823,20958.0,0.494354,71.093,54629,29962.0
plate2_pbmc_plate2_094,13.4149,94.9,6.782901,19996.0,0.49016000000000004,70.4746,48086,27293.0
plate2_pbmc_plate2_095,13.1632,94.72,11.66762,20070.0,0.49468500000000004,67.398,52724,28726.0
plate2_pbmc_plate2_096,12.720999999999998,94.6,11.03588,19315.0,0.46163999999999994,66.3074,46786,28827.0
plate2_pbmc_plate2_097,13.7613,94.88,10.752688000000001,20335.0,0.479509,68.8282,50891,29441.0
plate2_pbmc_plate2_098,13.8079,94.61,5.077273,20453.0,0.502482,70.9287,49988,26951.0
plate2_pbmc_plate2_099,15.0267,94.81,12.830707,23459.0,0.501537,67.4532,63166,33704.0
plate2_pbmc_plate2_100,13.1605,94.58,16.821147,19384.0,0.501444,69.6554,54902,29190.0
plate2_pbmc_plate2_101,13.1112,95.03,9.294414999999999,19733.0,0.500883,68.7221,50075,27273.0
plate2_pbmc_plate2_102,13.0047,94.99,11.056135000000001,19774.0,0.516496,69.0963,53304,27297.0
plate2_pbmc_plate2_103,15.6368,94.86,10.188116,25256.0,0.5159560000000001,66.237,67276,34551.0
plate2_pbmc_plate2_104,15.786,94.77,7.308517999999999,25898.0,0.504267,65.2398,64818,34863.0
plate2_pbmc_plate2_105,12.9727,94.64,5.847894999999999,18966.0,0.49699099999999996,70.7208,47264,25387.0
plate2_pbmc_plate2_106,13.7373,94.85,8.910581,20343.0,0.49963,69.7018,51911,28042.0
plate2_pbmc_plate2_107,14.6018,94.65,3.182418,22026.0,0.509413,71.8571,53465,28193.0
plate2_pbmc_plate2_108,14.4593,95.01,13.49756,21982.0,0.5122359999999999,70.7658,60265,31374.0
plate2_pbmc_plate2_109,13.3603,94.72,10.970861,19890.0,0.508005,71.756,52341,27737.0
plate2_pbmc_plate2_110,12.6237,93.91,9.498747999999999,28202.0,0.450367,47.1777,67672,42132.0
plate2_pbmc_plate2_111,15.2585,95.02,11.197058,23420.0,0.500871,69.0915,61039,33059.0
plate2_pbmc_plate2_112,13.8985,95.23,12.0,20988.0,0.499391,66.6583,54778,29958.0
plate2_pbmc_plate2_113,12.8075,94.81,12.072168,19884.0,0.500376,67.2283,52599,28366.0
plate2_pbmc_plate2_114,14.1769,94.9,6.618188000000001,22858.0,0.493806,65.2239,55782,30986.0
plate2_pbmc_plate2_115,12.8688,94.55,12.51216,18886.0,0.497673,69.836,50253,27179.0
plate2_pbmc_plate2_116,15.7726,94.64,4.285073000000001,25598.0,0.508698,66.4186,62453,33173.0
plate2_pbmc_plate2_117,21.3526,94.3,4.590649,56136.0,0.49099,41.4425,132832,74776.0
plate2_pbmc_plate2_118,14.679,94.85,15.894920999999998,24012.0,0.5143399999999999,65.9842,68794,35152.0
plate2_pbmc_plate2_119,12.328,94.45,10.979030999999999,18722.0,0.486936,66.2498,47669,26883.0
plate2_pbmc_plate2_120,20.3575,94.91,6.460674,38961.0,0.488041,54.7069,92783,53157.0
plate2_pbmc_plate2_121,11.5061,95.33,10.110855,16785.0,0.49324300000000004,69.3033,42358,23656.0
plate2_pbmc_plate2_122,14.1302,94.63,12.9177,22125.0,0.512837,67.69,60815,31345.0
plate2_pbmc_plate2_123,12.0936,94.43,13.635714000000002,18127.0,0.48581599999999997,70.5227,47968,26873.0
plate2_pbmc_plate2_124,13.4429,94.86,16.811843,20342.0,0.50583,68.8689,58506,30450.0
plate2_pbmc_plate2_125,14.2062,94.75,15.163331,21322.0,0.524059,69.8026,61771,30565.0
plate2_pbmc_plate2_126,14.3993,94.94,6.689926,21396.0,0.514267,71.1862,54026,28235.0
plate2_pbmc_plate2_127,14.5725,94.78,9.567977,22230.0,0.523614,71.3774,60645,29912.0
plate2_pbmc_plate2_128,11.0119,94.46,10.21814,16422.0,0.468918,66.1172,39766,24014.0
plate2_pbmc_plate2_129,17.1526,94.83,7.59047,31690.0,0.474179,55.0404,74825,44666.0
plate2_pbmc_plate2_130,11.7446,94.63,11.338435,17031.0,0.505089,69.2462,45889,23942.0
plate2_pbmc_plate2_131,12.2081,94.79,13.717998000000001,18064.0,0.518447,68.793,51139,25641.0
plate2_pbmc_plate2_132,14.3847,94.84,14.592433999999999,23072.0,0.500693,64.5351,63186,33871.0
plate2_pbmc_plate2_133,12.368,94.99,12.747797,19014.0,0.504536,65.5103,50678,27182.0
plate2_pbmc_plate2_134,12.3813,94.63,7.890333,18713.0,0.499766,68.2984,46990,25505.0
plate2_pbmc_plate2_135,13.9518,94.63,7.441744,22164.0,0.493196,64.1422,55322,30338.0
plate2_pbmc_plate2_136,15.1786,94.71,12.246174,23855.0,0.504674,67.1443,63506,33900.0
plate2_pbmc_plate2_137,14.366,94.72,11.091151,22766.0,0.510972,66.0314,61457,31666.0
plate2_pbmc_plate2_138,19.7035,94.78,6.109393,40065.0,0.502425,53.0231,97979,53378.0
plate2_pbmc_plate2_139,13.4363,94.12,4.947431,25495.0,0.46972200000000003,53.8979,58847,35170.0
plate2_pbmc_plate2_140,18.9655,95.03,6.106029,34076.0,0.517021,59.2266,85422,44531.0
plate2_pbmc_plate2_141,13.2857,94.61,6.6891039999999995,19962.0,0.5026729999999999,70.8129,50281,26752.0
plate2_pbmc_plate2_142,15.1239,94.39,5.376625,25325.0,0.394863,58.6048,50943,40010.0
plate2_pbmc_plate2_143,15.8579,94.57,6.555910000000001,24017.0,0.500486,70.62100000000001,59333,32235.0
plate2_pbmc_plate2_144,13.7453,94.86,13.056303999999999,20337.0,0.489992,69.7063,53187,29769.0
plate2_pbmc_plate2_145,12.3427,94.65,14.493847,18135.0,0.49795200000000006,69.23,49332,26692.0
plate2_pbmc_plate2_146,12.7143,94.76,14.881773999999998,19115.0,0.505243,67.7294,52942,27986.0
plate2_pbmc_plate2_147,13.7147,94.61,10.315662,22161.0,0.49764200000000003,64.1076,57485,31113.0
plate2_pbmc_plate2_148,14.1369,94.98,17.473542000000002,21990.0,0.503105,66.753,62609,33300.0
plate2_pbmc_plate2_149,14.2448,94.68,15.520913,22218.0,0.508934,66.6578,62611,32611.0
plate2_pbmc_plate2_150,12.6863,94.55,5.66258,19392.0,0.505128,66.4453,47761,25620.0
plate2_pbmc_plate2_151,14.0144,94.69,6.848955,21258.0,0.5064770000000001,69.2914,53449,28390.0
plate2_pbmc_plate2_152,14.0144,94.82,14.00181,21853.0,0.476343,66.7152,56590,32990.0
plate2_pbmc_plate2_153,12.4386,94.74,13.132663,18845.0,0.505234,68.0695,50902,27035.0
plate2_pbmc_plate2_154,12.9168,94.84,13.848756,18843.0,0.5176850000000001,70.9652,52451,26815.0
plate2_pbmc_plate2_155,13.4922,94.53,10.053434,20873.0,0.47008599999999995,65.4421,50691,30411.0
plate2_pbmc_plate2_156,13.1672,94.39,11.261363000000001,19621.0,0.44996099999999994,66.9915,47083,29913.0
plate2_pbmc_plate2_157,12.0722,94.57,16.168031,17821.0,0.483979,68.2684,48439,27288.0
plate2_pbmc_plate2_158,12.5358,94.57,10.48142,18260.0,0.506424,69.2789,47674,25378.0
plate2_pbmc_plate2_159,16.2722,94.9,4.276721,27978.0,0.505724,58.8323,67508,36398.0
plate2_pbmc_plate2_160,13.0819,94.68,7.0124,19347.0,0.49739099999999997,71.0997,47848,26206.0
plate2_pbmc_plate2_161,14.9082,94.83,7.475528999999999,23442.0,0.512253,68.5369,59887,31279.0
plate2_pbmc_plate2_162,13.8079,94.69,16.161782000000002,20480.0,0.509133,69.9116,58125,30284.0
plate2_pbmc_plate2_163,12.2334,94.71,13.88106,18029.0,0.47551000000000004,68.4834,46589,27212.0
plate2_pbmc_plate2_164,14.7363,94.9,12.814024,23773.0,0.510247,65.715,64787,33754.0
plate2_pbmc_plate2_165,12.4412,94.94,12.645472999999999,18465.0,0.505301,67.5679,49177,26339.0
plate2_pbmc_plate2_166,19.6409,94.93,5.516457,39873.0,0.504188,53.3115,96751,52662.0
plate2_pbmc_plate2_167,12.2428,94.81,12.534264,17550.0,0.529421,71.6471,49598,24239.0
plate2_pbmc_plate2_168,11.4315,94.62,16.151063,16452.0,0.472681,68.6076,43795,25612.0
plate2_pbmc_plate2_169,14.4353,94.67,15.040513,22544.0,0.513574,67.8331,63995,32704.0
plate2_pbmc_plate2_170,14.089,94.91,5.916155000000001,21612.0,0.507145,66.8756,53428,28554.0
plate2_pbmc_plate2_171,14.5085,94.79,11.219018,21026.0,0.443852,70.3522,50092,32369.0
plate2_pbmc_plate2_172,13.8159,94.63,11.51799,20780.0,0.471808,67.8667,52043,30697.0
plate2_pbmc_plate2_173,18.2276,94.64,5.932874,32091.0,0.485414,58.9096,75698,43702.0
plate2_pbmc_plate2_174,16.6291,94.78,5.021173999999999,31400.0,0.500604,56.402,75786,41458.0
plate2_pbmc_plate2_175,13.1179,94.82,13.609728,19608.0,0.482347,68.595,50869,29207.0
plate2_pbmc_plate2_176,13.6267,94.76,9.584802,21036.0,0.509993,67.6158,55000,28809.0
plate2_pbmc_plate2_177,21.3938,95.0,4.858308,45962.0,0.512158,50.9946,112751,59650.0
plate2_pbmc_plate2_178,13.3443,94.83,11.660045,20456.0,0.516748,67.2806,55591,28422.0
plate2_pbmc_plate2_179,13.4296,94.61,8.591256,19758.0,0.496787,71.226,50764,27248.0
plate2_pbmc_plate2_180,13.5255,94.74,11.819041,20525.0,0.493978,68.8714,53157,29458.0
plate2_pbmc_plate2_181,15.7433,94.65,18.124826000000002,26512.0,0.495442,65.1509,75575,40895.0
plate2_pbmc_plate2_182,13.4576,94.87,16.668753,19967.0,0.519271,69.6361,58397,29316.0
plate2_pbmc_plate2_183,13.4682,94.32,10.889186,21326.0,0.496433,65.6736,55316,30183.0
plate2_pbmc_plate2_184,14.8029,94.89,8.658532000000001,22681.0,0.522701,71.3966,61167,30249.0
plate2_pbmc_plate2_185,15.1772,94.87,13.097218,22991.0,0.5022949999999999,68.493,61847,33100.0
plate2_pbmc_plate2_186,11.645999999999999,94.44,10.630969,17124.0,0.48526499999999995,69.2005,43338,24550.0
plate2_pbmc_plate2_187,13.5255,94.66,11.826199,20496.0,0.49742700000000006,66.866,53780,29276.0
plate2_pbmc_plate2_188,6.9945,94.06,15.391085,9054.0,0.280943,68.3721,17621,21249.0
plate2_pbmc_plate2_189,14.4473,94.95,14.333484,22801.0,0.496738,65.2765,61192,33554.0
plate2_pbmc_plate2_190,13.8532,95.03,7.294819,20219.0,0.5094029999999999,73.0055,51073,27029.0
plate2_pbmc_plate2_191,14.5925,94.9,11.157427,22805.0,0.49566800000000005,65.8226,58957,32410.0
plate2_pbmc_plate2_192,14.6711,94.92,15.558032,22736.0,0.5174300000000001,68.7075,64851,33020.0
plate2_pbmc_plate2_193,14.6897,94.71,8.569138,22812.0,0.515703,68.8236,60394,30666.0
plate2_pbmc_plate2_194,14.4859,94.84,11.074521,21873.0,0.518358,70.8745,59580,30131.0
plate2_pbmc_plate2_195,11.7672,94.57,14.532941000000001,17137.0,0.5081680000000001,68.0814,48490,24889.0
plate2_pbmc_plate2_196,13.3736,94.73,15.504717000000001,20240.0,0.507737,68.7234,57016,29750.0
plate2_pbmc_plate2_197,15.6634,94.85,10.322791,24698.0,0.531998,69.0825,68175,33167.0
plate2_pbmc_plate2_198,19.3172,95.0,7.070759,36458.0,0.49750200000000006,56.8477,89185,49407.0
plate2_pbmc_plate2_199,13.4149,94.65,10.343579,19806.0,0.520699,69.225,53447,26978.0
plate2_pbmc_plate2_200,13.3697,94.6,12.464698,20457.0,0.507948,67.8113,55276,29018.0
plate2_pbmc_plate2_201,14.6511,93.63,3.184732,33227.0,0.488814,47.8016,77943,43753.0
plate2_pbmc_plate2_202,16.4054,94.96,14.836471,27237.0,0.508627,66.0387,75803,39675.0
plate2_pbmc_plate2_203,16.9741,94.85,7.887902,30502.0,0.511139,56.5833,77988,40943.0
plate2_pbmc_plate2_204,13.1925,94.42,7.950564,19439.0,0.496699,69.4739,49976,26625.0
plate2_pbmc_plate2_205,10.9973,94.37,9.165258,16660.0,0.50083,67.5345,42628,22991.0
plate2_pbmc_plate2_206,11.9897,94.5,12.967398,17806.0,0.47203900000000004,67.5131,45251,26731.0
plate2_pbmc_plate2_207,12.7383,94.79,6.075657,18721.0,0.514576,70.7405,47061,24533.0
plate2_pbmc_plate2_208,13.5988,94.67,10.811407,20203.0,0.482299,69.5877,50616,29149.0
plate2_pbmc_plate2_209,12.9154,94.7,1.4503190000000001,19162.0,0.508692,70.235,45094,24118.0
plate2_pbmc_plate2_210,15.1333,94.91,5.89192,25460.0,0.51563,60.0373,63779,33255.0
plate2_pbmc_plate2_211,12.7316,94.7,13.799917,18758.0,0.510417,69.3695,51795,26931.0
plate2_pbmc_plate2_212,14.8482,94.79,5.409444000000001,22155.0,0.5058020000000001,71.8918,54761,29165.0
plate2_pbmc_plate2_213,11.9564,94.35,8.985822,18424.0,0.483096,66.6132,45431,26020.0
plate2_pbmc_plate2_214,13.997,94.56,14.442675,20947.0,0.506918,68.6558,57978,30440.0
plate2_pbmc_plate2_215,14.1902,94.61,14.885689000000001,21928.0,0.50276,68.6508,60416,32212.0
plate2_pbmc_plate2_216,12.5185,94.82,8.066464999999999,18258.0,0.512937,70.8132,47152,24497.0
plate2_pbmc_plate2_217,13.0513,94.84,11.130734,19122.0,0.49682,68.8386,49547,27123.0
plate2_pbmc_plate2_218,11.8751,94.51,12.823524,17818.0,0.499155,68.4182,48066,25681.0
plate2_pbmc_plate2_219,12.1229,94.5,10.373213,17747.0,0.47608100000000003,68.2567,43854,25715.0
plate2_pbmc_plate2_220,14.338,94.84,16.457791,23731.0,0.520469,63.6908,69580,34702.0
plate2_pbmc_plate2_221,12.8688,94.92,13.07052,19008.0,0.518359,67.6507,52401,26784.0
plate2_pbmc_plate2_222,13.1565,94.7,16.764332,20312.0,0.524401,68.3174,60043,29664.0
plate2_pbmc_plate2_223,13.5868,94.81,8.852803,22620.0,0.50907,62.4632,58617,30769.0
plate2_pbmc_plate2_224,17.3285,94.62,6.159921,33271.0,0.48479300000000003,54.5621,79007,45460.0
plate2_pbmc_plate2_225,14.3221,94.63,8.057018,20963.0,0.514718,73.4079,54930,28059.0
plate2_pbmc_plate2_226,14.7483,94.81,17.384112,22973.0,0.508927,68.0386,66345,34482.0
plate2_pbmc_plate2_227,14.755,94.4,5.669583,23393.0,0.488174,67.2749,56127,31642.0
plate2_pbmc_plate2_228,13.5108,94.86,12.478404,20263.0,0.502717,69.778,53908,28950.0
plate2_pbmc_plate2_229,13.3537,94.67,10.026842,20782.0,0.494949,67.7288,52954,29193.0
plate2_pbmc_plate2_230,17.3258,94.8,7.484444,31669.0,0.504093,55.903999999999996,79042,42725.0
plate2_pbmc_plate2_231,15.8126,94.9,10.746446,23986.0,0.5137510000000001,70.9292,63805,33114.0
plate2_pbmc_plate2_232,15.0813,94.78,5.743953,22875.0,0.5088239999999999,69.9885,57258,30099.0
plate2_pbmc_plate2_233,20.215,94.9,7.012514,38269.0,0.5011939999999999,55.6737,94637,51568.0
plate2_pbmc_plate2_234,13.2431,94.93,13.91976,20061.0,0.5131399999999999,68.0176,55449,28739.0
plate2_pbmc_plate2_235,14.1129,94.76,16.690106,21918.0,0.514352,67.266,63412,32393.0
plate2_pbmc_plate2_236,13.5921,94.83,20.320694,21119.0,0.508994,66.9892,64179,32864.0
plate2_pbmc_plate2_237,12.3786,94.68,15.171341,18541.0,0.49377,68.3191,50372,27669.0
plate2_pbmc_plate2_238,13.3523,94.84,14.282719,20441.0,0.51832,68.1805,57772,29213.0
plate2_pbmc_plate2_239,12.5798,94.71,9.462675,18265.0,0.502024,72.006,47607,25249.0
plate2_pbmc_plate2_240,17.852,94.88,8.851303,32819.0,0.5049020000000001,56.8516,83467,44891.0
plate2_pbmc_plate2_241,14.0237,94.75,15.336433999999999,22573.0,0.497626,65.509,61716,33571.0
plate2_pbmc_plate2_242,12.8728,94.8,18.633145000000003,19192.0,0.510917,68.8918,56714,29173.0
plate2_pbmc_plate2_243,14.6511,94.97,9.996281,21780.0,0.511092,70.6104,58004,29922.0
plate2_pbmc_plate2_244,14.8682,94.83,5.768337,22315.0,0.49545100000000003,70.9028,53927,29908.0
plate2_pbmc_plate2_245,14.2821,94.89,17.182170000000003,21608.0,0.521863,68.4297,63593,31817.0
plate2_pbmc_plate2_246,15.2492,94.86,6.159079,25932.0,0.503155,60.2736,63399,34534.0
plate2_pbmc_plate2_247,12.6437,94.53,8.536585,18750.0,0.499328,69.8805,48447,25752.0
plate2_pbmc_plate2_248,16.3414,94.55,5.331633,28960.0,0.5005310000000001,57.6362,70250,38365.0
plate2_pbmc_plate2_249,19.549,95.03,5.668408,37011.0,0.5044770000000001,55.4722,89866,48943.0
plate2_pbmc_plate2_250,12.9128,94.6,6.510391,18625.0,0.510311,72.2417,47049,24660.0
plate2_pbmc_plate2_251,14.9641,94.85,15.409547,24011.0,0.51262,67.7277,68159,35027.0
plate2_pbmc_plate2_252,12.8488,94.82,13.838176999999998,19775.0,0.508133,67.1387,54202,28490.0
plate2_pbmc_plate2_253,13.6294,94.77,13.828363000000001,21237.0,0.48345200000000005,65.4778,55570,31661.0
plate2_pbmc_plate2_254,13.9158,94.99,4.606871,20686.0,0.511632,71.1506,50629,26794.0
plate2_pbmc_plate2_255,13.2737,94.63,16.060667000000002,20754.0,0.49539799999999995,67.003,57239,31227.0
plate2_pbmc_plate2_256,12.2787,94.67,7.703458,17828.0,0.504997,71.2984,45799,24079.0
plate2_pbmc_plate2_257,13.7533,94.87,13.723289000000001,20753.0,0.5185930000000001,67.8307,58491,29454.0
plate2_pbmc_plate2_258,15.4023,94.76,8.823528999999999,23963.0,0.50372,68.9521,61320,32819.0
plate2_pbmc_plate2_259,15.1133,94.86,9.590573,24246.0,0.499758,67.7344,62122,33669.0
plate2_pbmc_plate2_260,16.2215,94.86,10.784048,26308.0,0.515796,65.9048,70491,36240.0
plate2_pbmc_plate2_261,13.7346,94.84,14.775973,20885.0,0.495554,69.0729,57320,30945.0
plate2_pbmc_plate2_262,13.9158,94.69,12.169844,22712.0,0.499313,63.5871,60173,32487.0
plate2_pbmc_plate2_263,11.4235,94.81,12.918382000000001,17978.0,0.515125,66.3381,49396,25394.0
plate2_pbmc_plate2_264,15.7021,94.9,7.7357190000000005,24033.0,0.5135310000000001,69.3182,61725,32105.0
plate2_pbmc_plate2_265,12.8755,94.51,5.960198999999999,19044.0,0.493345,70.6755,46445,25652.0
plate2_pbmc_plate2_266,15.2172,94.57,5.171632,25084.0,0.5064649999999999,65.3977,61765,32911.0
plate2_pbmc_plate2_267,14.9361,94.8,10.284366,23946.0,0.517882,67.6352,63939,32714.0
plate2_pbmc_plate2_268,14.3167,94.67,7.362571000000001,21503.0,0.5083449999999999,70.2762,54848,28805.0
plate2_pbmc_plate2_269,17.1513,94.7,9.848558,28157.0,0.516637,66.8972,74617,38342.0
plate2_pbmc_plate2_270,11.5181,94.76,15.470657000000001,16550.0,0.505243,69.5848,46776,24397.0
plate2_pbmc_plate2_271,14.0543,94.76,12.240903999999999,21974.0,0.513976,68.5051,60129,30845.0
plate2_pbmc_plate2_272,13.1192,95.03,9.62143,20412.0,0.517518,66.6283,53766,27694.0
plate2_pbmc_plate2_273,14.4646,94.65,12.377092,21833.0,0.486279,67.4941,56671,31880.0
plate2_pbmc_plate2_274,15.6541,94.83,14.043296,26087.0,0.523287,64.2443,73871,36944.0
plate2_pbmc_plate2_275,12.9327,94.77,14.136964,19296.0,0.5233220000000001,68.273,54711,27355.0
plate2_pbmc_plate2_276,15.4037,94.89,8.328835,23774.0,0.518161,68.6512,62090,31774.0
plate2_pbmc_plate2_277,12.9714,94.85,13.070784,19932.0,0.517365,67.4321,54922,28121.0
plate2_pbmc_plate2_278,14.3447,94.44,5.0448580000000005,21909.0,0.484471,71.0592,51914,29598.0
plate2_pbmc_plate2_279,12.6677,94.67,10.829482,18716.0,0.506246,69.2244,49212,26121.0
plate2_pbmc_plate2_280,12.9128,94.72,14.278279000000001,19764.0,0.525216,68.0972,56598,27997.0
plate2_pbmc_plate2_281,14.6537,95.04,16.059221,22225.0,0.512026,69.2129,64346,32700.0
plate2_pbmc_plate2_282,15.7993,94.64,8.998714,25484.0,0.517555,67.9278,67519,34337.0
plate2_pbmc_plate2_283,16.5292,94.85,11.384993,25273.0,0.507393,70.675,67164,35439.0
plate2_pbmc_plate2_284,13.9664,94.9,15.002979000000002,21398.0,0.517517,68.0298,60589,30870.0
plate2_pbmc_plate2_285,13.2897,94.32,5.145714,23337.0,0.502849,60.2203,57446,30758.0
plate2_pbmc_plate2_286,13.4895,95.02,17.053266,20633.0,0.516314,68.8643,59536,30549.0
plate2_pbmc_plate2_287,14.4712,94.72,11.172879,21092.0,0.49047299999999994,71.1876,54042,30199.0
plate2_pbmc_plate2_288,15.4889,94.92,7.5552779999999995,23664.0,0.518155,70.8337,61277,31364.0
plate2_pbmc_plate2_289,13.5348,94.72,15.458936999999999,20825.0,0.511366,68.6701,60277,30449.0
plate2_pbmc_plate2_290,13.6667,94.63,3.8193,20801.0,0.497537,69.87100000000001,50067,27235.0
plate2_pbmc_plate2_291,14.8269,94.95,16.62496,23656.0,0.486303,65.2804,64432,36299.0
plate2_pbmc_plate2_292,15.774000000000001,94.83,8.396291999999999,27766.0,0.510371,61.9,71896,37516.0
plate2_pbmc_plate2_293,14.8269,94.76,8.693387,22781.0,0.507588,69.3467,58400,30995.0
plate2_pbmc_plate2_294,12.1961,94.76,3.61677,19587.0,0.504788,64.5089,46764,25340.0
plate2_pbmc_plate2_295,11.3263,94.48,7.498695,15950.0,0.487624,71.0781,39603,22019.0
plate2_pbmc_plate2_296,12.7915,94.93,6.572556,18465.0,0.49008,71.2103,44798,25149.0
plate2_pbmc_plate2_297,12.8528,94.75,11.146542,18948.0,0.5009239999999999,71.1161,49882,26731.0
plate2_pbmc_plate2_298,14.1795,94.99,12.325866,21524.0,0.515062,69.0061,58243,30199.0
plate2_pbmc_plate2_299,12.8315,94.98,12.102634,19355.0,0.516915,68.5286,53000,27022.0
plate2_pbmc_plate2_300,14.7257,94.85,12.920164,23549.0,0.505486,66.067,62996,33689.0
plate2_pbmc_plate2_301,12.4932,94.43,8.802660000000001,18379.0,0.49693000000000004,68.7813,47833,25399.0
plate2_pbmc_plate2_302,14.8895,94.68,18.419926,24762.0,0.501396,65.6031,71809,38022.0
plate2_pbmc_plate2_303,13.6933,94.83,13.105796,20673.0,0.5055390000000001,69.9361,56118,29636.0
plate2_pbmc_plate2_304,12.620999999999999,94.76,17.258948999999998,19162.0,0.48497799999999996,66.5681,53320,29687.0
plate2_pbmc_plate2_305,19.5183,94.39,6.41143,43952.0,0.487997,47.2127,105371,59940.0
plate2_pbmc_plate2_306,11.6007,94.93,25.654989999999998,18019.0,0.515124,67.0566,59269,29812.0
plate2_pbmc_plate2_307,12.982000000000001,94.59,10.832742,20109.0,0.465782,65.1007,48868,29751.0
plate2_pbmc_plate2_308,15.6741,94.77,7.241407000000001,23262.0,0.49786800000000003,71.5268,57716,31565.0
plate2_pbmc_plate2_309,13.4256,94.73,13.820192,20734.0,0.503283,67.137,57410,30060.0
plate2_pbmc_plate2_310,12.9647,94.34,6.033911,19840.0,0.482766,68.5896,47683,27151.0
plate2_pbmc_plate2_311,14.7137,94.93,13.003921,22853.0,0.509971,69.9284,62915,32530.0
plate2_pbmc_plate2_312,11.9897,94.7,9.115203,18705.0,0.49780399999999997,65.02600000000001,47415,25909.0
plate2_pbmc_plate2_313,14.1942,94.75,8.417941,21378.0,0.494039,69.6654,54429,29538.0
plate2_pbmc_plate2_314,14.9761,94.88,8.102293,22639.0,0.512487,70.1847,58346,30405.0
plate2_pbmc_plate2_315,15.3943,94.51,9.675068,23545.0,0.502015,69.2849,60849,32624.0
plate2_pbmc_plate2_316,12.6224,94.82,14.449472,19852.0,0.489338,65.1778,53121,29560.0
plate2_pbmc_plate2_317,14.2954,94.76,5.853115,21972.0,0.509829,70.0703,55716,28904.0
plate2_pbmc_plate2_318,14.8429,94.6,11.600547,22617.0,0.489383,69.2437,59308,32589.0
plate2_pbmc_plate2_319,14.6777,94.57,17.671886999999998,22236.0,0.494932,69.6472,63030,34135.0
plate2_pbmc_plate2_320,14.1183,94.92,5.82716,20977.0,0.47809300000000005,69.468,48724,28843.0
plate2_pbmc_plate2_321,15.0906,94.98,12.565743,24604.0,0.527353,66.0945,68822,34081.0
plate2_pbmc_plate2_322,15.2785,94.62,6.6445300000000005,25866.0,0.49879700000000005,61.5332,63912,34831.0
plate2_pbmc_plate2_323,21.0409,94.7,6.161264,45737.0,0.509944,50.0185,113409,60358.0
plate2_pbmc_plate2_324,12.9034,94.65,9.573246000000001,19685.0,0.5072989999999999,68.5998,51322,27054.0
plate2_pbmc_plate2_325,14.4313,94.69,12.618675999999999,21813.0,0.495829,68.952,58120,31510.0
plate2_pbmc_plate2_326,16.6371,95.1,2.179513,28859.0,0.51381,57.7402,68463,36349.0
plate2_pbmc_plate2_327,15.0893,94.71,12.612680000000001,23460.0,0.50517,69.6472,63321,33457.0
plate2_pbmc_plate2_328,14.8149,94.95,16.148381,23486.0,0.511894,66.8303,66966,34595.0
plate2_pbmc_plate2_329,20.7052,95.03,7.129019,37870.0,0.525059,59.3521,98146,49528.0
plate2_pbmc_plate2_330,13.8185,94.68,9.710326,20977.0,0.49754499999999996,67.4773,53501,29257.0
plate2_pbmc_plate2_331,12.4439,94.54,12.789867,18315.0,0.506045,68.7372,50055,26143.0
plate2_pbmc_plate2_332,15.3557,94.9,14.312559,24624.0,0.498158,65.3722,66711,36158.0
plate2_pbmc_plate2_333,13.2364,94.94,15.030085999999999,19911.0,0.515266,69.3146,55933,28818.0
plate2_pbmc_plate2_334,14.3753,94.65,13.255704999999999,22125.0,0.48293100000000005,66.9039,57570,32792.0
plate2_pbmc_plate2_335,14.1795,94.89,4.391952,21573.0,0.5046430000000001,70.5549,52242,28141.0
plate2_pbmc_plate2_336,20.6519,94.98,6.705922,39135.0,0.49590200000000006,55.7619,95116,52945.0
plate2_pbmc_plate2_337,21.6789,94.8,6.357596,48901.0,0.509602,49.2886,121681,64700.0
plate2_pbmc_plate2_338,15.6794,94.92,18.414115,24138.0,0.523996,69.9875,72776,35981.0
plate2_pbmc_plate2_339,20.4215,95.06,5.491658,39031.0,0.499964,54.9493,94029,51834.0
plate2_pbmc_plate2_340,13.6108,94.91,12.267205,20869.0,0.5179159999999999,68.1885,56957,29154.0
plate2_pbmc_plate2_341,14.2808,94.84,11.075039,21639.0,0.5050640000000001,69.9125,57968,30331.0
plate2_pbmc_plate2_342,13.062000000000001,94.62,6.949441,19656.0,0.49491899999999994,69.1701,48883,26697.0
plate2_pbmc_plate2_343,18.4394,95.0,6.905297,32302.0,0.492096,58.8305,77857,44027.0
plate2_pbmc_plate2_344,14.9761,94.65,6.793995,23034.0,0.49461099999999997,69.3582,56372,31248.0
plate2_pbmc_plate2_345,13.0646,94.67,12.820624,20189.0,0.498831,66.7804,54789,29110.0
plate2_pbmc_plate2_346,13.9584,94.73,12.528092,21407.0,0.49071899999999996,67.836,55762,31114.0
plate2_pbmc_plate2_347,15.7287,94.86,19.065444,25513.0,0.523491,66.7671,78302,38362.0
plate2_pbmc_plate2_348,14.8882,95.15,4.611701999999999,22318.0,0.491126,71.819,52270,29729.0
plate2_pbmc_plate2_349,12.4719,94.71,10.741108,21631.0,0.48573999999999995,60.378,54590,31031.0
plate2_pbmc_plate2_350,12.4013,94.75,15.269682999999999,18317.0,0.498224,69.8816,50255,27198.0
plate2_pbmc_plate2_351,13.2071,94.69,15.774326,19900.0,0.488516,69.4968,54628,30133.0
plate2_pbmc_plate2_352,12.7636,94.99,17.302672,19959.0,0.49341999999999997,64.9285,55466,30568.0
plate2_pbmc_plate2_353,14.1049,94.47,6.9616,26288.0,0.32111999999999996,50.5026,47869,50034.0
plate2_pbmc_plate2_354,11.9617,94.67,14.163089999999999,17400.0,0.43315299999999995,68.0923,41447,28217.0
plate2_pbmc_plate2_355,7.3062,93.92,7.8909899999999995,9058.0,0.288577,73.1849,16544,19081.0
plate2_pbmc_plate2_356,15.3624,94.86,10.889541,22790.0,0.47225600000000006,69.0909,55708,33407.0
plate2_pbmc_plate2_357,18.8816,95.17,4.92157,37459.0,0.508097,54.7096,92208,48909.0
plate2_pbmc_plate2_358,14.4606,95.18,17.496914,22723.0,0.523841,68.7023,66986,33503.0
plate2_pbmc_plate2_359,15.0454,94.6,8.637746,23735.0,0.487836,66.0861,58539,33163.0
plate2_pbmc_plate2_360,18.7498,94.75,5.536435,38151.0,0.462066,51.3903,85826,53592.0
plate2_pbmc_plate2_361,14.7949,94.94,16.461538,22806.0,0.5224270000000001,68.2619,66779,33268.0
plate2_pbmc_plate2_362,13.8399,94.68,14.49365,20737.0,0.5054350000000001,68.9964,57351,30214.0
plate2_pbmc_plate2_363,16.4014,94.91,4.752651,28919.0,0.508642,57.3793,70307,37666.0
plate2_pbmc_plate2_364,14.5605,94.8,13.490060999999999,22631.0,0.512413,67.6051,62411,32291.0
plate2_pbmc_plate2_365,14.6404,94.82,14.865757,21911.0,0.528618,70.2918,63730,31124.0
plate2_pbmc_plate2_366,16.3268,94.96,4.931694,27836.0,0.507692,60.0342,67677,36368.0
plate2_pbmc_plate2_367,13.1672,94.78,7.694476,19650.0,0.48714700000000005,68.7852,47883,27203.0
plate2_pbmc_plate2_368,14.3034,94.6,15.658795000000001,22929.0,0.5107,66.1186,64808,33633.0
plate2_pbmc_plate2_369,14.7883,94.93,6.945187,22630.0,0.517518,69.7911,57775,29822.0
plate2_pbmc_plate2_370,14.8296,94.81,9.784073,22102.0,0.5058189999999999,70.5008,57736,30505.0
plate2_pbmc_plate2_371,13.4349,94.62,12.245712,19800.0,0.48057,69.8555,51527,29108.0
plate2_pbmc_plate2_372,14.6231,94.71,7.188161,21950.0,0.5073529999999999,69.6427,56021,29388.0
plate2_pbmc_plate2_373,15.2172,94.73,16.904761999999998,26524.0,0.519125,63.0639,77848,39061.0
plate2_pbmc_plate2_374,13.3297,95.23,18.872936,21076.0,0.508588,66.7751,61381,32228.0
plate2_pbmc_plate2_375,13.9398,94.48,6.848896000000001,21299.0,0.49048500000000006,69.3046,53229,29079.0
plate2_pbmc_plate2_376,17.0061,94.89,3.994473,30572.0,0.523721,57.1489,76003,38744.0
plate2_pbmc_plate2_377,13.7839,94.53,7.388851,21997.0,0.47563900000000003,64.563,52283,30867.0
plate2_pbmc_plate2_378,14.4619,94.81,13.087183,22480.0,0.505364,69.2403,60754,32227.0
plate2_pbmc_plate2_379,14.9455,94.81,11.69983,22898.0,0.497734,68.8782,60080,32647.0
plate2_pbmc_plate2_380,12.4785,94.61,12.077364999999999,18229.0,0.473274,69.0228,45590,27040.0
plate2_pbmc_plate2_381,14.7923,94.62,8.014061,23289.0,0.503812,66.5949,59283,31611.0
plate2_pbmc_plate2_382,15.6914,95.12,14.690484,24930.0,0.51735,67.3819,70738,35842.0
plate2_pbmc_plate2_383,14.2568,94.95,14.717935999999998,21225.0,0.49365200000000004,68.085,57109,31511.0
plate2_pbmc_plate2_384,0.004,66.67,16.666667,5.0,0.0,50.0,12,
